Page ID,Page Name,Disclaimer,Amount Spent (GBP),Number of Ads in Library
1863944713844924,Best For Britain,Best For Britain,77985,56
8807334278,Conservatives,The Conservative Party,60059,74
25749647410,The Labour Party,The Labour Party,52263,76
5883973269,Liberal Democrats,the Liberal Democrats,32526,1050
7972991316,Boris Johnson,The Conservative Party,30185,32
230416667843105,The Brexit Party,The Brexit Party,17005,57
713179875369048,London Gov,The Greater London Authority,13233,1
9250349228,Greenpeace UK,Greenpeace UK,12988,17
91897231853,HOPE not hate,HOPE not hate,12553,359
562032903912680,Property & Business Info,Property & Business Info,9421,76
18168505158,The Woodland Trust,The Woodland Trust,8533,21
7715002593,UNICEF UK,UNICEF UK,7547,107
211614899544570,Long Live The Local,Long Live The Local,5740,66
311627208673,WWF UK,WWF UK,5441,23
156922821011409,Timberland,PHD Media,4149,20
136308776480,Scottish Conservatives,Scottish Conservatives,4011,3
110861655604080,Friends of the Earth,Friends of the Earth,3925,221
97708339756,Action for Children,Action for Children,3344,30
268340433322523,Gavin Shuker,Gavin Shuker,2948,2
198898684133247,Solar Finder,These ads ran without a disclaimer,2950,17
111622410196045,State of Youth,KidsRights with Facebook ad credits,2088,4
1540152786230577,Chris Philp,Croydon Conservatives,1910,30
850551875009799,Stephen Kerr for Stirling,The Conservative Party,1845,3
110861655604080,Friends of the Earth,These ads ran without a disclaimer,1949,157
139695000173,Good Energy,These ads ran without a disclaimer,1696,15
856811354434520,Carzoopa - Southampton Car Finance,Lee Anthony Oregan,1641,2
2026046207505845,Vote For Your Future,Vote For Your Future,1616,16
1855491614716590,Pure Planet,These ads ran without a disclaimer,1667,45
26416930992,Plaid Cymru,Plaid Cymru,1569,26
1698991126784763,Monica Harding for Esher & Walton,Patrick Nicholas C Combe,1537,9
104133804357735,It's Our Time UK,The Comms Lab,1521,23
200006375787,38 Degrees,38 Degrees,1487,12
26698813123,British Red Cross,British Red Cross,1521,55
799576543492660,The Week Junior,The Week Junior,1413,9
159670677391384,Welsh Labour,Welsh Labour,1357,14
713179875369048,London Gov,the Greater London Authority,1240,8
10677003998,Shelter,Shelter,1223,54
372926399915233,Dr Kieran Mullan,Crewe and Nantwich Conservatives,1169,6
160709211871,Prospect Magazine,Prospect Magazine,1164,11
642444842524195,Scientists for EU,These ads ran without a disclaimer,1140,1
152393064942305,Luke Pollard,Luke Pollard,1120,2
748608695327755,People's Vote UK,People's Vote UK,1056,12
254451068317816,Patagonia,Patagonia,1029,10
474613052643462,London Labour Party,London Labour Party,1004,2
681337358647228,Greg Hands,"Kensington, Chelsea & Fulham Conservatives",1000,1
311126315707480,Zac Goldsmith,Richmond Park & North Kingston Conservatives,1000,4
7624294394,Amnesty International UK,Amnesty International UK,1049,79
1532786470379794,Paul Sweeney for Glasgow North East,Paul Sweeney,986,12
2304286376467321,Ashley Cartman for North Somerset,North Somerset Liberal Democrats,925,16
1858078747757980,Kensington & Chelsea Liberal Democrats,"Adrian Smith on behalf of Kensington Liberal Democrats, London, W10 6BT",911,3
678120165658753,InFacts,InFacts,882,3
419807964889685,Paul Williams MP,Paul Williams MP,861,4
18044497940,Plan International UK,Plan International UK,842,5
871798409656672,Stop School Cuts,National Education Union,824,14
304300223676306,Felicity Buchan,"Kensington, Chelsea & Fulham Conservatives",810,3
129621013755944,Guildford Liberal Democrats,Guildford Liberal Democrats,811,8
1494298680896162,Teemill,Teemill,790,6
143740702357483,OVO Energy,OVO Energy,860,62
308796222866996,Express energy services limited,Stephen Paul Atkinson,766,2
100265704688016,Yes I Will Vote,Inspire EU,756,8
330250343871,Jeremy Corbyn,The Labour Party on behalf of Jeremy Corbyn,736,3
126832277372980,Brighton Kemptown & Peacehaven Conservatives,Brighton Kemptown Conservative Association,758,82
241312696375349,National Education Union,National Education Union,723,4
101406954637356,Dr Phillip Lee,Stephen Newton for the Lib Dems,719,12
360322167647280,Mayor of London,The Greater London Authority,717,15
39605200520,ActionAid UK,ActionAid UK,732,26
10642639740,Alliance Party of Northern Ireland,Alliance Party of Northern Ireland,683,8
32514078659,Liberty,Liberty,700,18
37981137361,The Children's Society,The Children's Society,710,25
217840195679013,Faiza Shaheen for Chingford & Woodford Green Labour,Faiza Shaheen,671,10
1405406096341441,Marcus Fysh,Marcus John H Fysh,666,1
242351902481164,The Radical Tea Towel Company,The Radical Tea Towel Company,662,7
123679177651052,Ed Miliband,Doncaster North Labour Party,658,15
177855115588808,The Week UK,The Week UK,692,29
503548642999414,Cambridge Liberal Democrats,Cambridge Lib Dems,638,2
290498754454402,European Movement UK,European Movement UK,618,20
108283675982010,Vote Anna Turley for Redcar,Redcar Constituency Labour Party,587,3
1675580096042114,Jolie Beauty,Jolie Beauty,595,7
642444842524195,Scientists for EU,Scientists for EU,576,2
1670879486473010,Annabel Tall,The Conservative Party,544,1
706643619514643,"Stuart Brady for Loughborough, Shepshed, Barrow, Sileby & surrounding areas",Christopher Hughes,534,9
126893234027640,London Liberal Democrats,"Nick Harvey on behalf of the Liberal Democrats, London, SW1P 3AE. Hosted by NationBuilder.",531,4
362064683886345,Labour Unions,Labour Unions,511,30
1865376160342834,Lloyd Russell-Moyle,Lloyd Cameron Russell Moyle,500,22
103625387723838,Fair Tax Campaign,These ads ran without a disclaimer,484,1
117476785190,Save the Children UK,Save the Children UK,484,1
692663397738642,Sandy Martin,The Labour Party. Promoted by John Cook on behalf of Sandy Martin.,457,13
914835805358773,Simon Hart,Simon Hart MP,439,3
191335640943251,Clive Lewis,Clive Lewis,430,2
491862484305741,Southwark Liberal Democrats,Southwark Liberal Democrats,429,7
122063008481777,Charlotte Holloway for Plymouth Moor View,Charlotte Holloway for Plymouth Moor View,416,1
522227361320181,Craig Fletcher,Liberal Democrats,414,1
617286011771768,John Hunt,John Hunt,410,5
150773485577984,OMG Liverpool,OMG LIverpool,403,1
342002108699,Ipswich Labour,Ipswich Labour Party,398,5
1545511665561177,EcoVibe,These ads ran without a disclaimer,421,22
112592496819806,Nicola Horlick,The Liberal Democrats,393,17
113561800022187,AdvanceTogether,AdvanceTogether,398,103
100882784659601,Black Country for Europe,Michael John Galsworthy,355,2
1704974266397645,Jonathan Ashworth,Jonathan Michael Graham Ashworth,344,8
1423467151217002,Paula Sherriff,Dewsbury Constituency Labour Party,339,4
101447691250941,Marco Longhi for Dudley North,Marco Longhi & Dudley North Conservatives,337,5
379973742136545,Karl McCartney,Karl McCartney,336,14
168033940480199,Inspire EU,Inspire EU,331,2
1544601488897440,Eddie Hughes for Walsall North,Eddie Hughes and Walsall Conservatives,330,10
106324210812015,Best for Brexit,Jamie Betts,328,2
648898641953269,Essex for Europe,Michael John Galsworthy,321,1
1299537773487243,Campaign Together,Unlock Democracy,321,3
100854403381908,Pay Justice,Pay Justice,315,1
921358981268483,Stirling & Clackmannanshire Conservative & Unionist Association,Neil Collington Benny,314,2
112846662487263,Labour Future,Labour Future,336,14
2449574395105133,DavidCampanale4MP,Anthony Rossano Campanale,307,4
105860880805461,David Chadwick for North Dorset,North Dorset Liberal Democrats,307,7
740329079472228,Ellie Reeves,The Labour Party,300,2
1486841851361953,Power for People,Power for People,301,4
660119217766656,James Wells MEP,James Freeman Wells,293,3
157611834294301,Yvette Cooper,Yvette Cooper,292,4
103625387723838,Fair Tax Campaign,Alexander Karczewski Crowley,299,7
6233536938,War Child UK,War Child UK,296,8
273467342787874,Michelle Donelan,Michelle Donelan,280,2
151485578929644,Cardiff for Europe - Caerdydd Dros Ewrop,Michael John Galsworthy,280,1
1420752397985655,Glasgow Loves EU,Michael John Galsworthy,280,1
391250761354762,Susținători USR Marea Britanie,USR Diaspora,291,13
103411667669437,Yorkshire for Europe,Michael John Galsworthy,275,1
191265221762773,Rugby4Europe,Michael John Galsworthy,274,1
102502997798194,Edinburgh4Europe,Michael John Galsworthy,271,1
282449775215994,Eastleigh Lib Dems,Eastleigh Liberal Democrats,280,14
305261259970258,Sussex for Europe,Michael John Galsworthy,268,1
501102899913552,HarperCollins Publishers UK,HarperCollins Publishers UK,286,15
221641368264635,Brighton and Hove for EU,Michael John Galsworthy,265,1
107357244036451,Working4UK,Suraj  Sharma,260,2
1809710365746929,Lauren Dingsdale,The Labour Party,252,4
717530348380086,Mark Weston,Stephen Bower,247,4
9250349228,Greenpeace UK,These ads ran without a disclaimer,250,3
1162511627129325,North East for Europe,Scientists for EU,239,1
1410376298994764,Sheffield for Europe,Scientists for EU,239,1
178834628826252,Stroud District Green Party,Stroud District Green Party,240,5
581176261969765,Luke Hall MP,South Gloucestershire Conservatives,240,7
1742082179454868,Croydon for Europe,Michael John Galsworthy,235,1
2389668497727588,One Planet Mind,One Planet Mind,229,2
301102333235871,Ben Chapelard,James  Rands,226,11
215232008599719,Stephen Doughty MP,Stephen Doughty,226,13
859886927414336,Surrey Heath Liberal Democrats,Surrey Heath Liberal Democrats,219,4
103239991110199,Shipley against Philip Davies,Jason Keith Evens,218,8
232402830283167,TOTM Organic,These ads ran without a disclaimer,214,2
353097424791073,James Frith for Bury North,Bury North Labour Party,211,2
354496398361633,Norfolk for Europe,Michael John Galsworthy,210,1
1331084736996091,Laura 4 Harlow,George Patrick Elcock,210,3
7715002593,UNICEF UK,These ads ran without a disclaimer,215,7
1860274430859228,Canterbury For Europe,Michael John Galsworthy,208,1
145704119168907,Parabolic Theatre,Parabolic Theatre,210,5
105404177530881,Jamie Macfarlane,Westminster North Conservative Association,206,5
1106278742785368,Cambridge Stays,Michael John Galsworthy,207,1
110498420298163,Bradford Yorkshire for Europe,Michael John Galsworthy,207,1
704907713275504,FIRE Revolution,Third Friday Ltd,210,3
2431506447081933,Stoke-on-Trent for Europe,Michael John Galsworthy,206,1
190077355111985,Bromley for Europe,Michael John Galsworthy,206,1
146549422028829,The TaxPayers' Alliance,The TaxPayers' Alliance,206,4
335643953437522,Zöe Franklin for Guildford,Guildford Liberal Democrats,203,2
367006363463686,Chris Webb,Chris Webb 4 Blackpool North & Cleveleys Campaign,205,9
1652149835054791,Another Europe Is Possible,Another Europe Is Possible,200,2
422183454864472,Max Wilkinson,Cheltenham Liberal Democrats,195,3
985380408144684,"Helen Goodman, Bishop Auckland Constituency",The labour Party,196,2
398900213908681,Tony Lywood for Copeland,The Labour Party,195,3
670304546481949,Lambeth Liberal Democrats,Helen Victoria Thompson,192,1
1540198936249794,Rishi Sunak,Rishi Sunak,193,2
1586027928298600,Votedarrenhenry,Broxtowe Conservative Association,195,9
130987447098320,Sarah Jones - Standing Up for Croydon,Sarah Jones,198,10
587561007950931,Stephen Hammond,Wimbledon Conservatives,186,2
621195561247099,Guildford Conservative Association,Guildford Conservative Association,191,8
1066718423433441,Cornwall for Europe,Michael John Galsworthy,186,1
103740397721897,Gurjit Bains For Walsall South,Gurjjt Kaur Bains,188,9
142202379163151,Emily Thornberry,Emily Thornberry,183,1
101405207871931,Hina Bokhari - Sutton & Cheam's next Lib Dem MP,Sutton Liberal Democrats,181,4
174730252601013,Robert Halfon,Robert Halfon MP,180,3
155710354774360,Momentum,Momentum,188,7
2045558749046932,Merseyside for Europe & Pro-EU events in Liverpool City Region,Michael John Galsworthy,178,1
1442281879390484,Basildon & Thurrock Conservatives Campaign Office,Mark Steven Coxshall,175,1
1082759698472283,North East Surrey for Europe,Michael John Galsworthy,175,2
1776460125741016,Slough for Europe,Michael John Galsworthy,174,1
471499573675066,Highlands for Europe,Michael John Galsworthy,174,1
102161684540123,Devon Climate Emergency,Devon County Council,175,2
475020296594461,Darren Selkus Brexit Party,Darren Bruce Selkus,175,19
101558386889,Shelter Scotland,Shelter Scotland,170,6
110880869622754,European Movement: Milton Keynes,Michael John Galsworthy,165,1
477429412753494,Tom Hunt,Tom Hunt,166,4
131681033513,Possible,10:10 climate action,186,20
1518802811730189,Cold Years,Daniel Mark Smith,171,9
661360614007742,Julie Elliott,The Labour Party,161,3
942382442466848,British Association of Sport and Exercise Medicine - BASEM,British Association of Sport and Exercise Medicine – BASEM,164,2
432339587129823,Jason McCartney for Colne Valley,Colne Valley Conservatives,163,9
749047081829001,Guy Opperman,Northumberland Conservatives,156,2
435340366822684,Kim Caddy,Wandsworth Conservatives,156,3
372509762823054,Clive Efford,Eltham Labour Party,154,4
394329848100558,Jackie Jones MEP,Jackie Jones MEP ASE,151,2
1164193340281834,Stephen Morgan,The Labour Party,150,1
140445935123,BCP Council,BCP Council,150,3
348199775258128,Camden Liberal Democrats,Camden Liberal Democrats,150,4
703958799979138,Simon Letts for Southampton Itchen,The Labour Party,150,1
563041110567227,Berkshire for Europe,Michael John Galsworthy,148,1
379417526259248,Rupert Lowe,Rupert Lowe MEP,149,3
514770188695214,Enfield for Europe,Michael John Galsworthy,148,1
252635975144002,Leo Docherty,Leo Docherty,148,4
197280420419016,Alex Sobel MP,Niky William Rutherford,147,3
2174517772657414,A21 Middle East News,Arabi21 - عربي21,157,4
180021685374062,Alok Sharma,Reading West Conservatives,147,3
2117331068488595,Colchester and Tendring for Europe,Michael John Galsworthy,146,1
105761500802743,Shoreham4eu,Michael John Galsworthy,146,1
1589574984477003,Rebecca Smith,Westminster Digital,146,2
114102639967810,Susan Dungworth for Blyth Valley,The Labour party,145,2
461838560672787,Ealing Stronger In Europe,Michael John Galsworthy,145,1
72633666984,Ealing Liberal Democrats,Ealing Liberal Democrats,146,10
145878302161029,Bradford Council,Bradford Council,141,1
222780324907997,Maidenhead for EU,Michael John Galsworthy,140,1
134394203290779,Our Merton,Liberal Democrats,140,3
1792012947764472,Ruth Alcroft,The Labour Party,141,3
1893441050977918,Ian Sollom,Sarah Elizabeth Kar Yee Cheungjohnson,140,5
383288981854997,Sue Hayman,The Labour Party,141,3
685350048217874,Dehenna Davison for Bishop Auckland,Dehenna Davison for Bishop Auckland,138,2
276285855716427,AJ&Smart,These ads ran without a disclaimer,136,2
999616850056184,Oddbox delivery,Oddbox,171,72
1011556768950016,Colin Martin for SE Cornwall,SE Cornwall Liberal Democrats,138,1
300663396663749,Sally Keeble for Northampton North,Sally Keeble,139,9
105288164219933,Parents' Choice,Richard Patrick Tracey,143,4
1608245282744484,Yorkshire and the Humber Labour Party,the Labour Party,136,1
1852520761657982,4ocean,These ads ran without a disclaimer,130,1
234260143399528,Woking Liberal Democrats,Woking Liberal Democrats,131,2
101106954591401,Martin Daubney,Martin Edward Daubney,129,4
1032353066780968,Catherine McKinnell,The Labour Party,130,3
272988209443,Royston Smith,David John Fuller,128,2
302913953146880,"Office of the North Yorkshire Police, Fire & Crime Commissioner","Office of the Police, Fire & Crime Commissioner for North Yorkshire",126,1
634616933684024,Ipswich for a People's Vote,Michael John Galsworthy,126,1
1313354295370593,Scottish Family Party,Scottish Family Party,127,5
112900486737675,Eddisbury for Europe,Michael John Galsworthy,124,1
104089267702523,Wellingborough for Europe,Michael John Galsworthy,123,1
205878630683,Seasalt Cornwall,These ads ran without a disclaimer,122,1
108499910553006,Johnny Luk,Kun Yip Luk,122,3
419807964889685,Paul Williams MP,The labour Party,123,3
736575886524116,Herefordshire For Europe,Scientists for EU,119,1
389022555250260,Havering4EU,Michael John Galsworthy,118,1
732079243795262,Stirling4Europe,Michael John Galsworthy,117,1
101416521234072,Plymouth Against Brexit,Michael John Galsworthy,118,1
236952220189268,Mypov Online,Hebert Joseph Craig,126,12
345226459213088,Southport for Europe,Michael John Galsworthy,117,1
100789214636066,Bracknell for Europe - Public,Michael John Galsworthy,116,1
246519575907471,New Forest for Europe,Scientists for EU,117,1
104179454270698,Harlow Brexit Party,Neil Brian Greaves,121,14
110786230353184,Northampton for a People's Vote,Michael John Galsworthy,115,2
1805678839537135,Ipswich Young Labour,The Labour Party,117,3
1258479437573420,Mike Amesbury MP,Michael Lee Amesbury,117,5
274624889359101,Winchester Liberal Democrats,Winchester Liberal Democrats,113,5
124181887611335,The City of Edinburgh Council,The City of Edinburgh Council,114,12
333209063761130,Rosie Duffield MP,The Labour Party,110,1
1483848548517428,The UK Union Voice,The UK Union Voice,106,2
325585374755887,Eastleigh for Europe,Michael John Galsworthy,105,1
146831132632710,Mid-Kent 4 EU,Michael John Galsworthy,105,1
184230978956996,Beira Moda,Ms Antonietta Marie Fionda,106,4
314363968926844,Ely for Europe,Michael John Galsworthy,104,1
1876607552621015,Graham Jones,Graham Peter Jones,105,3
121936349543,World Vision UK,World Vision UK,105,1
1677654202509524,Richard Burgon,The Labour Party,105,3
816779408496482,Beth Miller,East Midlands Labour Party,103,2
125430205516668,Pippa Heylings,Sarah Elizabeth Kar Yee Cheungjohnson,102,3
124036308994799,"Right To Rent, Right To Buy, Right To Own",Ms Jennifer Rebecca Powers,109,4
2051121415107568,Bambos Charalambous,London Labour Party,≤100,1
448590345155714,Ipswich Conservatives,Ipswich Conservatives,≤100,1
1566879106896612,Tessa Munt,Wells Liberal Democrats,≤100,1
869176469857369,Lizzi Collinge,The Labour Party,102,1
1498881147066399,Alan Mak,Alan Mak MP,≤100,1
228249960960213,Simon Clarke for Middlesbrough South and East Cleveland,Simon Richard Clarke,≤100,3
107573333962271,Avaaz UK,Avaaz Campaigns UK,≤100,2
182166295552154,Ian Stotesbury,Watford Liberal Democrats,≤100,4
340947279796362,Mario Creatura,Croydon Conservatives,≤100,2
114570545240850,Who Gives A Crap,These ads ran without a disclaimer,116,17
494727620709887,Action for Children Fostering - North,These ads ran without a disclaimer,≤100,1
340733216319520,Ryan Houghton For Aberdeen North,Ryan James Houghton,≤100,2
125815217604740,North Dorset Liberal Democrats,North Dorset Liberal Democrats,≤100,3
177717252277852,Wes Streeting,Matthew Goddin,≤100,1
113548760033476,Dr. Kulvinder Singh Manik,Scott Roberts,≤100,7
1047852948624789,Oxford For Europe,Howard Douglas Aiken,≤100,4
437791486337737,Jim McMahon for Oldham West & Royton,Oldham West and Royton Constituency Labour Party,≤100,4
103983517639708,Torbay for Europe,Michael John Galsworthy,≤100,1
740113689704292,North Warwickshire 4 Europe,Michael John Galsworthy,≤100,1
116147889793108,"James McPhilemy for Cumbernauld, Kilsyth & Kirkintilloch East",Cumbernauld & Kilsyth Labour Party,≤100,6
236966756698661,Hope for Europe,Scientists for EU,≤100,1
1031902976975415,Vale of Glamorgan for Europe,Michael John Galsworthy,≤100,1
190104261193081,Gwent for Europe,Michael John Galsworthy,≤100,1
352145948590913,Fife4europe,Michael John Galsworthy,≤100,1
1420417804643372,Better By Bus,These ads ran without a disclaimer,≤100,2
276479323002922,St Neots and Huntingdon People's Vote,Michael John Galsworthy,≤100,1
716604611739931,Claire Wright - Independent Parliamentary Candidate For East Devon,Mrs Claire Louise Wright,≤100,7
1700421566925125,Greg Marshall,East Midlands Labour,≤100,5
204800493453106,North Hampshire for Europe,Michael John Galsworthy,≤100,1
779188675597466,Romsey Better in Europe,Michael John Galsworthy,≤100,1
356513565199772,Lincoln Against Brexit,Scientists for EU,≤100,1
1975276162525168,TW-IN,Michael John Galsworthy,≤100,1
346836899497254,Cllr Nesil Caliskan - Leader of Enfield Council,Ian David Barnes,≤100,1
1050896375014974,Perth4Europe,Michael John Galsworthy,≤100,1
102105001172975,Ribble Valley for Europe,Michael John Galsworthy,≤100,1
2098141487150238,Forest of Dean for Europe,Scientists for EU,≤100,1
191511674908595,Stamford for Europe,Michael John Galsworthy,≤100,1
417171275527188,Kirklees for Europe,Michael John Galsworthy,≤100,1
368404560236743,European Movement South West Surrey Branch EM_SWSurrey,Michael John Galsworthy,≤100,1
407402162736656,Labour East,The Labour Party,≤100,8
409221542957298,Wrexham For Europe,Michael John Galsworthy,≤100,1
111745026850464,Denbighshire For Europe,Michael John Galsworthy,≤100,1
717204985345634,Danny Chambers - North Cornwall Lib Dems,North Cornwall Liberal Democrats,≤100,2
483770125073467,Ian Murray for Edinburgh South,Ian Murray,≤100,9
159240661197359,Safe Passage,Safe Passage,≤100,1
424318011448332,Rotherham for Europe 2019,Michael John Galsworthy,≤100,1
476242995754233,PCS Union,PCS Union,≤100,1
100658927990036,Flintshire for Europe,Michael John Galsworthy,≤100,1
804606619646847,Kenneth H  Hind,Kenneth Haruard Hind,≤100,2
416060089125002,One Life One Tree,One Life One Tree Ltd,≤100,1
558984737865000,Grantham for a People's Vote,Michael John Galsworthy,≤100,1
122235409590,Annoushka Jewellery,Annoushka Jewellery,≤100,1
119857536086296,Beautiful News - Daily,Information Is Beautiful,≤100,5
134106130027796,Oxfordshire County Council,Oxfordshire County Council,≤100,2
120235764665422,Broxtowe Borough Council,Broxtowe Borough Council,≤100,8
112277206842015,David Watts for Newark,Newark and Southwell Liberal Democrats,≤100,3
1855314271382786,BeeBee Wraps,These ads ran without a disclaimer,≤100,9
148472115570506,Zeelo,Zeelo,≤100,2
1274780909265887,Jacob Rees-Mogg,Jacob Rees-Mogg,≤100,2
110536070348925,Aaron Bell for Newcastle-under-Lyme,Newcastle-under-Lyme Conservatives,≤100,4
147441315983117,Office of the Kent Police and Crime Commissioner,Kewh Michael Fairbank,≤100,1
435733199791488,Hastings and Rye Conservatives,Hastings and Rye Conservatives,≤100,2
107786057286925,Liverpool Hall,Amir Reza Soleymani,≤100,3
141843543096177,Jennifer Forbes Truro & Falmouth Labour,Michael Dennis Chapman,≤100,3
1507494585978427,Giles Watling,Giles Watling,≤100,1
450568105101647,Theresa Villiers,Mrs Theresa Villiers,≤100,3
1583076535046827,"Camborne, Redruth and Hayle Lib Dems","Camborne, Redruth and Hayle Liberal Democrats",≤100,11
312818886142427,Gary Sambrook,Birmingham Northfield Conservatives,≤100,3
692663397738642,Sandy Martin,The Labour Party,≤100,8
1910300655894009,Hastings and Rye Liberal Democrats,Lee Joseph Grant,≤100,6
1872018976425392,Peace With The Wild,These ads ran without a disclaimer,≤100,11
723999327619861,Councillor Steven Galton,Steven Graham P Galton,≤100,11
2127090637588799,Ryedale for Europe,Scientists for EU,≤100,1
114553463283847,Alex Yip,Alex Yip,≤100,1
1497007017259344,Alex Hegenbarth,Alexander Leslie Hegenbarth,≤100,5
479504198751798,Paul Scully,Sutton Borough Conservative Federation,≤100,1
163764147740743,Wilmslow for Europe,Scientists for EU,≤100,1
157011338475461,Luminary,These ads ran without a disclaimer,≤100,14
435919126754255,Jenny Chapman,The Labour Party,≤100,1
10114144851,NSPCC,These ads ran without a disclaimer,≤100,1
2672957916077525,Highclere Castle Gin,These ads ran without a disclaimer,≤100,4
175493313035501,Politrip,Patrick Johnson Brown,≤100,1
105117224241154,Eco Spray Foam,Stephen Barry Bruckshaw,≤100,3
1377965505551865,Travel Insurance Explained,Miss Rebecca Marie Kingsley,≤100,1
552996355160282,Carmarthenshire Conservatives,Carmarthen East & Dinefwr Conservatives,≤100,4
1463126643980071,Alex Rowley MSP,Alex Rowley,≤100,9
1408910789366538,The Circle,The Circle,≤100,1
325496818012944,Lewis North,Meon Valley Liberal Democrats,≤100,2
2283722578413672,Navendu Mishra for Stockport,The Labour Party. Promoted by C.Gleeson on behalf of Navendu Mishra.”,≤100,9
1469440439772080,Peter Lamb for Crawley,Peter Keir Lamb,≤100,1
228330598050619,The Taunton Deane Herald,Scott Marcus Berry,≤100,5
115289365261509,Burton and Uttoxeter Labour Party,Thomas James Hadley,≤100,2
854042824606596,Vix Lowthion -  a Green MP for the Isle of Wight,Miss Victoria Ann Lowthion,≤100,3
1796083587187345,Australian Glow,These ads ran without a disclaimer,≤100,1
1319207338165887,Another voice in West Berkshire,Stephen Michael Masters,≤100,3
985380408144684,"Helen Goodman, Bishop Auckland Constituency",The Labour Party,≤100,10
558562447492063,instantprint.,instantprint.,≤100,9
164445837533650,Remainer Now,Remainer Now,≤100,1
1865212320385679,Simon Fell,Barrow and Furness Conservative Association,≤100,1
391643007520822,Mid Suffolk Green Party,Mid Suffolk Green Party,≤100,11
1088924814452343,Braintree & Witham Liberal Democrats,Kate Rebecca Onions,≤100,2
780710048758810,Beaconsfield Constituency Conservative Association,Beaconsfield Conservatives,≤100,6
110440867058719,Will Sweet,Putney Conservatives,≤100,3
724752947648358,JanetDaby4LewishamEast,The Labour Party. Promoted by Joanna Wojna on behalf of Janet Daby,≤100,1
108238670527130,Robbie Moore,Robert Peter Moore,≤100,7
2155890578000382,Devizes for EU - resisting Brexit in the constituency,Scientists for EU,≤100,1
502566800215891,Scott Benton - Conservative candidate for Blackpool South,Scott Lloyd Benton,≤100,3
1879815185574670,Llanishen & Thornhill Labour Community News,Llanishen & Thornhill Labour Community News,≤100,4
118408512891321,Little Turtle Turns The Tide,CARVE Surfing Magazine,≤100,1
1410377375747614,Grahame Morris Parliamentary Candidate,Grahame Morris,≤100,4
547080065736587,Weaver Vale for Europe,Michael John Galsworthy,≤100,1
290292407662123,NHS 24,These ads ran without a disclaimer,≤100,5
1683955235167394,Radcliffe Labour Party,Rhyse Lewis Cathcart,≤100,2
275283499191111,Sadiq Khan,London Labour Party,≤100,3
1983481828559338,Councillor Lee Dillon - Parliamentary Candidate for Newbury,West Berkshire and Newbury Liberal Democrats,≤100,1
417171275527188,Kirklees for Europe,These ads ran without a disclaimer,≤100,1
420598411423796,Wera Hobhouse,Wera Benedicta Caecilie G A Hobhouse,≤100,4
108389903934751,Cheeky Brit,Cheeky Brit,≤100,22
938126169534790,Johnny For Plymouth,Johnny For Plymouth,≤100,3
112689840163167,Dominic Grieve for Beaconsfield,Patrick Johannes Lohlein,≤100,3
2305756482788316,Clean Planet Energy,Clean Planet Energy,≤100,1
2361260184130283,"Louis Adam, Lib Dem for Warwick & Leamington",Warwick District Liberal Democrats,≤100,3
437468390068879,David Pinto-Duschinsky for Hendon,The Labour Party,≤100,2
6574632957,Unlock Democracy,Unlock Democracy,≤100,4
26806660922,Humanists UK,Humanists UK,≤100,1
663238947481630,Richard Tice,The Brexit Party,≤100,2
1205495502907318,Emma Whysall for Chipping Barnet,The Labour Party,≤100,3
123344764529899,Alyson Barnes for Rossendale and Darwen,The Labour Party,≤100,2
175596232544607,Woking Conservatives,Woking Conservative Association,≤100,1
107357244036451,Working4UK,These ads ran without a disclaimer,≤100,1
535040816685041,West Midlands Combined Authority,West Midlands Combined Authority,≤100,3
616519808361378,Jo Stevens for Cardiff Central,Jo Stevens for Cardiff Central,≤100,1
21242962092,ClientEarth,ClientEarth,≤100,8
814863971892844,Adam Holloway,Adam Holloway,≤100,1
367779914070051,Markets365,Charles Brodie Agutter,≤100,1
1632026600406302,Stephen Lloyd,Stephen Lloyd,≤100,1
1654077128156713,Brentwood & Chelmsford Green Party & SWF Greens,Brentwood and Chelmsford Green Party,≤100,2
356295488545982,West Dorset Liberal Democrats,Robin Edward C Morello,≤100,1
100434704664847,Green Planet Beauty,Amanda Jane Cooper,≤100,14
1675013986073442,SE Cornwall Liberal Democrats,South East Cornwall Liberal Democrats,≤100,1
1984890328470019,Fleur for Putney,Robert Henry Scott,≤100,5
512667902158881,Harlow Labour Party,Harlow Labour Party,≤100,1
259435234412498,Watford Labour,Watford Labour Party,≤100,2
1569628153271237,West Mercia PCC,Gareth John Boulton,≤100,2
1661562817288393,Mid Sussex Liberal Democrats,Mid Sussex Liberal Democrats,≤100,3
750008315035564,Watford Liberal Democrats,Watford Liberal Democrats,≤100,2
716570405092640,St Albans Conservatives,Alexandra Harisha-Clark,≤100,4
359069334832633,Olivia Blake,the Labour Party,≤100,1
167898406587045,Holiday Extras,Holiday Extras,≤100,2
118713096203013,Stewart Douglas for Shetland,Stewart Douglas,≤100,4
1439104803053363,Samuel Hague Illustration,Samuel James Hague,≤100,2
415209345325893,Jess Phillips,Jess Phillips,≤100,4
1944644765749384,David Rutley,The Conservative Party,≤100,1
1828105897438760,East London for Europe / London East - Anti Brexit,Michael John Galsworthy,≤100,1
265680680782145,Peter Gibson For Darlington,Peter Gibson for Darlington,≤100,7
100158426845642,Yorkshire Water,These ads ran without a disclaimer,≤100,1
166545980641543,"Mark Eastwood For Dewsbury, Mirfield, Kirkburton and Denby Dale.",The Conservative Party,≤100,1
2487835701441674,Lambeth for Europe,Michael John Galsworthy,≤100,1
106139784136535,Natalie Park for Much Wenlock,Matt Park,≤100,2
227817900673886,Jake Berry MP,Jake Berry MP,≤100,2
1392092044365417,London Borough of Waltham Forest,London Borough of Waltham Forest,≤100,1
263875040857952,James Cox for Bristol West,Liberal Democrats,≤100,5
103999284336658,Mark Logan,Mark Rory Logan,≤100,5
125202177650537,Alex Cunningham MP,Dr Lewis Young,≤100,4
343940349600472,One You Surrey,Miss Rochelle Alexandra Gayle,≤100,1
2449574395105133,DavidCampanale4MP,the Liberal Democrats,≤100,2
807799369244851,Matt Rodda,Reading Labour. Promoted by Carl Doran on behalf of Matt Rodda,≤100,1
608449395902487,Voting Counts,Voting Counts,≤100,3
413739912359231,Holly Mumby-Croft,HOLLY MUMBY-CROFT,≤100,2
102573181133123,James Willis for Maidstone and the Weald,Maidstone Liberal Democrats,≤100,1
184397788245817,Portsmouth Liberal Democrats,Simon John Sansbury,≤100,5
411450196264363,Titan Power+,These ads ran without a disclaimer,≤100,1
255568980598,Alun Cairns,Alun Cairns MP,≤100,1
381745985188961,Deputy.com,These ads ran without a disclaimer,≤100,5
780774828620986,SHO,These ads ran without a disclaimer,≤100,2
105430547557637,Team Penning,Ronald Allen Moss,≤100,4
567275553397220,EU IN BRUM,Scientists for EU,≤100,1
988982744552590,Ian Lavery MP,The Labour Party,≤100,3
332503397594935,Stuart Anderson,Stuart Paul Anderson,≤100,4
754655137964859,Rachael Maskell MP,Rachael Maskell MP,≤100,1
106240557418098,Toni Brodelle - Working for Wycombe,Ian Douglas Morton,≤100,1
2341361016087771,Bruce Wilson for Edinburgh North and Leith,Bruce Roy Wilson,≤100,2
782447081914612,Paul Girvan for South Antrim,William Paul Girvan,≤100,2
1663290170549645,Wokingham Labour Party,Andrew Crawford Croy,≤100,2
109231027122747,Andrew Mitchell,Liam Michael Abrahams,≤100,1
982606878542677,Marsha de Cordova,London Labour Party,≤100,3
234725726985897,Judith Cummins,The Labour Party. Promoted by Bradford South CLP on behalf of Judith Cummins.,≤100,2
404900139669473,Angela Crawley for Lanark and Hamilton East,Josh Wilson,≤100,2
1701005843526193,Surrey Heath Conservatives,Suzanna Elizabeth Coul,≤100,3
103340327775919,JobStacks,These ads ran without a disclaimer,≤100,1
1331084736996091,Laura 4 Harlow,The Labour Party,≤100,3
119111479481001,Richard Benwell 2019,Wantage Constituency Liberal Democrats,≤100,1
992519954091706,Kit Malthouse - Conservative Candidate NW Hants,Kit Malthouse,≤100,1
377369912904579,Lorna Tooley for NEC,Lorna Jane Tooley,≤100,1
106048930814474,Francesca O'Brien for Gower,Lewis Alexander Wood,≤100,1
158240861546849,Matt Kerr for Glasgow South West,Jessica Emily Galloway,≤100,2
382793315820322,James Daly for Bury North,Bury North Conservatives,≤100,1
183442431556,City Lit,City Lit,≤100,1
113924459987862,Alex Beverley,Alexandra Marcella Beverley,≤100,1
55275672093,Natracare,Natracare,≤100,3
886968011353216,Stephen Crabb,Preseli Pembrokeshire Conservatives,≤100,2
100901717994113,Tim Page Brexit Party PPC North Dorset,"Mr Howard John Parfitt on behalf of Tim Page, North Dorset Parliamentary candidate for The BREXIT Party",≤100,4
992952320734045,Craig Whittaker,Calder Valley Conservatives,≤100,3
1847443202232495,Jo Pike for Shipley Constituency,the Labour Party,≤100,1
807799369244851,Matt Rodda,The Labour Party. Promoted by Carl Doran on behalf of Matt Rodda,≤100,5
232314400155033,Stirling SNP,Stirling Scottish National Party (SNP),≤100,4
112564222260460,Andrew George,Andrew George,≤100,2
820967017967609,Gideon Amos,Taunton Deane Liberal Democrats,≤100,3
102157777816071,Anthony Browne for South Cambridgeshire,South Cambridge Conservative Association,≤100,3
104099367697689,Sam Gyimah,Samuel Phillip Gyimah,≤100,3
38824300956,White Heat,White Heat,≤100,1
674727076001950,Gosport Liberal Democrats,Peter John Chegwyn,≤100,2
114612673270510,Carlisle Liberal Democrats,Carlisle Liberal Democrats,≤100,2
1846526838930401,Iain Duncan Smith MP,Tabitha Christi Wade,≤100,1
273709532781140,James Heappey,Wells Conservative,≤100,1
47625103883,Blacksmith,Cameron James Wysocki,≤100,1
165419234746,Full Fact,Full Fact,≤100,2
408761149529220,Chislehurst Conservatives,Suraj  Sharma,≤100,2
347937188644002,The Better Body Guru,Ashley Howard Mason Green,≤100,8
216223538890115,Hartlepool Labour Party,Hartlepool Labour Party,≤100,1
686077084751385,Lee Rowley,North Derbyshire Conservatives,≤100,1
1889680157988068,Eleanor Smith Labour candidate for Wolverhampton South West,The Labour Party. Promoted by Robert Blincoe on behalf of Eleanor Smith,≤100,6
273762566417823,Re-elect Martin Whitfield,East Lothian Labour Party,≤100,2
122492429138590,Alasdair Pinkerton for Surrey Heath,Surrey Heath Liberal Democrats,≤100,1
379785212767384,Miles More Drivers Club,Anthony Joseph Curran,≤100,1
344689815623204,Yardley Liberal Democrats,Yardley Liberal Democrats,≤100,1
655367704818679,Socialist Workers Party,Socialist Workers Party,≤100,1
153260935350160,Ladywood Online,Ladywood ward Liberal Democrats,≤100,2
470873686267967,Tom Watson,The Labour Party,≤100,3
741539582653180,Vlad Vexler,Vladislav Vexler,≤100,8
550406795055088,Catherine Atkinson,The Labour Party,≤100,2
102729317844041,Franco D'Aulerio - Brexit Party PPC - West Bromwich West,The Brexit Party,≤100,3
318023232305444,Enjoy The Show,Garry Andrew Cook,≤100,1
390571277716574,Triggerbuddy,These ads ran without a disclaimer,≤100,2
1322369741129021,Rushcliffe Liberal Democrats,Victoria Marie Price,≤100,4
111263798903232,The Spectator,The Spectator,≤100,1
799676273759668,Jonathan Gullis,The Stoke-on-Trent Conservative Party,≤100,1
126827520750537,Child Rescue Nepal,Joanna Mary Bega,≤100,6
119358946125899,Dr Luke Evans,Bosworth Conservative Association,≤100,2
220543443746,International Rescue Committee - UK,International Rescue Committee UK,≤100,1
113917283340194,Chris Coleman for Bristol North West,Christopher Francis Coleman,≤100,5
419662798462222,Jay Singh-Sohal,Jagjit Singh Sohal,≤100,1
259933874379,Subtle Yoga with Kristine Weber,These ads ran without a disclaimer,≤100,4
625123580920707,Portsmouth Labour,Portsmouth Labour Party,≤100,4
1208239832675737,Aphra Brandreth,Kingston & Surbiton Conservative Association,≤100,2
100434704664847,Green Planet Beauty,These ads ran without a disclaimer,≤100,1
1809710365746929,Lauren Dingsdale,Middlesbrough South and East Cleveland Constituency Labour Party,≤100,1
1580633408837996,Neil Gray,Neil Gray,≤100,9
107750413893966,Luke Taylor Lib Dem for Mitcham and Morden,Merton Liberal Democrats,≤100,5
119759522763220,Aled ap Dafydd,Aled ap Dafydd - Plaid Cymru,≤100,3
255030034903788,Dr. Rajiv J. Shah,These ads ran without a disclaimer,≤100,2
25852730092,Care2,These ads ran without a disclaimer,≤100,2
411255439256125,Vicky Foxcroft,The Labour Party. Promoted by Reshima Sharma on behalf of Vicky Foxcroft.,≤100,1
1536907409957635,Matt Vickers: Standing up for Stockton South,Matthew Alexander Vickers,≤100,2
114758323268600,Charles Bunker,Charles Spencer Bunker,≤100,2
1414256932217267,Wessex Motors,These ads ran without a disclaimer,≤100,1
726363564082624,Isle of Wight Green Party,Miss Victoria Ann Lowthion,≤100,1
963029853872343,Bywire News,Bywire News,≤100,5
136689709773858,Michael Heaver MEP,Michael Heaver,≤100,3
116323656438209,Tiverton & Honiton Conservatives,Tiverton & Honiton Conservatives,≤100,1
161234067223502,KLARA from Sweden,David Chase,≤100,22
106807100733988,Claire Gill for Blackburn,Claire Rosalyn Gill,≤100,5
734997656574635,"Marc Tierney, Carms West & South Pembs",Carms West & South Pembrokeshire Labour Party,≤100,3
549773985447570,Echologika,Colin Peter Wells,≤100,2
112260940178643,Victoria Collins standing for Poole,Poole Liberal Democrats,≤100,1
1832745490348655,Karen Davis - Labour Parliamentary Candidate for Norwich North,The Labour Party,≤100,1
386362281469092,Will Quince,William James Quince,≤100,2
431121066907274,Article18,Mansour  Borji,≤100,1
1264594260376563,Rural Energy Saving Grants,Thomas John Metcalfe,≤100,1
212399412133330,Labour First,Labour First,≤100,2
549904691843347,Oxfordshire Liberal Democrats,Timothy Martin Bearder,≤100,1
286909715275437,Laura Walker - Yorkshire Party,Mrs Laura Marie Walker,≤100,3
381242352497958,Global News & Media Organisation Ltd,Global News & Media,≤100,2
296817660515308,NHS in Coventry and Rugby,These ads ran without a disclaimer,≤100,1
345799038815187,Castle Point Conservatives,Andrew Graham Sheldon,≤100,2
102487121156920,Dumfries & Galloway Liberal Democrats,Galloway Liberal Democrats,≤100,2
2082388708489643,Bramley and Stanningley Labour Party Public,Stefan David Smith,≤100,11
822903267866482,Michael William,Michael William,≤100,2
1410304365849015,Banffshire and Buchan Coast Liberal Democrats,Anne Margaret Simpson,≤100,2
701686533351390,Worcestershire for Europe,Scientists for EU,≤100,1
868639796596609,Taunton Deane Liberal Democrats,Taunton Deane Liberal Democrats,≤100,4
369932626262,Sheila Gilmore for Edinburgh East,Scottish Labour Party,≤100,1
105011160900792,Brexit Party Bromley & Chislehurst,Oliver Mather (Prospective Parliamentary Candidate - Brexit Party),≤100,4
102248747853060,Kerry Briscoe,Tooting Conservatives,≤100,1
1532665740317736,Stephen Gethins SNP,North East Fife SNP,≤100,2
138654846240537,Carbon Co-op,Jonathan David Xxeefqbeeeiqce Zeke Zj Atkinson,≤100,1
349846382192653,Miriam Cates,Penistone and Stocksbridge Conservatives,≤100,2
1525847237696682,Councillor Steve Wright,Bury Liberal Democrats,≤100,1
1266815503439513,Nick Coates for North East Somerset,Bath and North East Somerset Liberal Democrats,≤100,2
319952302185474,Beatrice Bass Lib Dem,David Kingston,≤100,1
532959790158921,Totally Cool Stuff,Phillip John Henderson,≤100,2
863867157054945,Manchester City Centre Focus,Martin Lauri Browne,≤100,5
533863253318981,Tech Nation,Tech Nation,≤100,3
1775105112711746,Democracy Volunteers,Democracy Volunteers,≤100,1
5692339985,Kris Brown for Garston and Halewood,Kristofor Iain Brown,≤100,1
260411548212584,Scram News,Scram News,≤100,2
1436588603227138,Carrie Harper,Carrie Anne Harper,≤100,2
884529311661439,Jess Green and the Mischief Thieves,Discerning Nights,≤100,2
1458932041051269,Sarah Champion,Alexander George Guest,≤100,2
1958050034474947,Deanne Ferguson for Morley and Outwood,the Labour Party,≤100,1
388650307829032,Rachel Reeves,Office of Rachel Reeves MP,≤100,1
361953461264999,Hiddenline Architectural Design,Alex Lee Ramskill,≤100,2
868246886850934,Azhar Ali For Pendle,"Promoted by Yvonne Tennant on behalf of Azhar Ali both at 33 Carr Road, Nelson, BB9 7JS",≤100,1
1130573317069850,James Palmer,James Palmer,≤100,1
982610841862195,Greater Birmingham Chambers of Commerce,Greater Birmingham Chambers of Commerce,≤100,1
527351247377965,European Committee of the Regions,European Committee of the Regions,≤100,5
1200205356687652,Dominic Skinner for Stratford on Avon,Stratford and South Warwickshire Liberal Democrats,≤100,4
2317607811842434,Mike Galsworthy,These ads ran without a disclaimer,≤100,1
122155969183541,"Amanda Burgauer SNP - For Dumfriesshire, Clydesdale & Tweeddale",Marshall Neil Douglas,≤100,3
840419882793614,Edward Morello,Robin Edward C Morello,≤100,1
784329098278902,Boobalou,These ads ran without a disclaimer,≤100,3
940549775965601,OTS Solicitors,These ads ran without a disclaimer,≤100,2
383221332452118,Hug the Bear Media,Hug the Bear Media LTD,≤100,1
849305428451655,Lee Waters AM / AC,Lee Waters AM at the National Assembly for Wales,≤100,1
8403816082,Global Action Plan,Global Action Plan,≤100,1
7624294394,Amnesty International UK,These ads ran without a disclaimer,≤100,7
155371535076327,FM Resourcing,Ciprian Cojocaru,≤100,1
476757199396262,The Post Truth Post,spoof news site - The Post Truth Post,≤100,3
1235941459805763,Dr Kate O'Kelly,Chichester Liberal Democrats,≤100,1
115347069863099,Karen Ward,North Norfolk & Great Yarmouth Liberal Democrats,≤100,3
1440067232949163,Plaid Cymru Clwyd West,Huw Elfed Williams,≤100,2
919540378133052,Sharon Green-Wilson,Stephen John Lynas,≤100,2
839571102748292,ChannelMum.com,ChannelMum.com,≤100,2
1659248294341403,The Wall of Answered Prayer,Stannard & Murden Ltd t/a Digital Church Toolkit,≤100,8
723614484384879,Foyle Socialist Party,Daniel Francis Hugh Waldron,≤100,1
896407737212123,James Fredrickson for Oxford West & Abingdon,Nathanael Boyd,≤100,2
302395856567114,Headspace Group,Justin James Clarke,≤100,2
2013809572190708,Neil Puttick for Macclesfield,Macclesfield Constituency Labour Party,≤100,4
551183884918288,Mary Creagh,Mary Creagh MP,≤100,5
117314945645,Windsor Liberal Democrats,Windsor Liberal Democrats,≤100,1
100775521349297,Lorna Robertson for Ochil & South Perthshire,Craig Miller,≤100,2
109474510429519,Lewis Fripp PPC Chelmsford,The Brexit Party,≤100,1
1866252676923583,James Craigie,James Andrew Craigie,≤100,2
101488307862906,Martin Goss - Liberal Democrat Parliamentary Spokesperson for Colchester,Martin Andrew Goss,≤100,2
169116913593351,Dulcie Tudor LD,Mrs Dulcie Patricia Tudor,≤100,2
356239545000760,Cllr Jane Ashworth,Jane Ashworth,≤100,2
305696067872,Easington Constituency Labour Party,Easington CLP,≤100,1
430016723726801,Business for Scotland,Business for Scotland,≤100,2
355277694874691,Lesley Laird for Kirkcaldy and Cowdenbeath,Scottish Labour Party,≤100,3
145517592651789,Sarah Church South Swindon,South Swindon Labour,≤100,3
113777810029081,LivehereLovehere,Brighton Kemptown Conservatives Association,≤100,3
929880330544519,Eastbourne for Europe,Eastbourne for Europe,≤100,2
2012528165735154,Equal Pay Now,These ads ran without a disclaimer,≤100,1
243450919482212,Psydro,Justin James Clarke,≤100,3
1921756234706727,Haslemere Today,Simon Paul Dear,≤100,1
1716409835314589,Claire Hanna,Claire Hanna,≤100,2
148571029334692,Cllr Dave Plummer - Waltham Abbey Greens,David Alan Plummer,≤100,2
363004671195844,V.P. Rosie,Vlada Prakopoviene,≤100,1
101884291199439,"Dinah Mulholland, Labour",David Anthony Breeze,≤100,2
713137015369387,South Dorset Conservatives,Najmi  Alidina,≤100,1
157611834294301,Yvette Cooper,Labour Party,≤100,1
106973357384037,Cllr Kathryn Owen,Kathryn Shirley Owen,≤100,2
101351397902832,Ludlow Constituency Liberal Democrats,Ludlow Liberal Democrats,≤100,2
1172350986275928,Andy Carter PPC,Andrew John Carter,≤100,1
824019727657580,Hyndburn Labour,Graham Peter Jones,≤100,2
1304339753013615,Mohammad Yasin,Mohammad Yasin,≤100,2
714914231854633,Pam Duncan-Glancy,Scottish Labour Party,≤100,1
183759769950,First News,First News- The Newspaper for Young People,≤100,2
105349067539337,Andrew Kerry-Bedell,Adrian Geoffrey Moss,≤100,4
342812792809619,Mitch Benn,Mitch Benn,≤100,2
415898475450017,Arundel & South Downs Lib Dems,Arundel & South Downs Lib Dems,≤100,2
267893688022,Dwagie大支,These ads ran without a disclaimer,≤100,1
593248331017521,Charlotte Cornell - Labour Parliamentary Candidate for Dover & Deal,The Labour Party,≤100,4
198550320919210,Nicola Bowden-Jones for Kingswood Labour,Kingswood Labour Party,≤100,1
170274626335436,Scottish Environment Protection Agency (SEPA),Scottish Environment Protection Agency (SEPA),≤100,1
119857189403549,Julia Aglionby,JULIN. CATHERINE WEIR AGLIONBY,≤100,1
293677741151422,Mitcham & Morden Tories,Mitchan and Morden Conservatives,≤100,2
982606878542677,Marsha de Cordova,Battersea Labour Party,≤100,2
538682579877852,Shorebox,These ads ran without a disclaimer,≤100,2
129032570500399,NCS - National Citizen Service,These ads ran without a disclaimer,≤100,3
1026202547412043,Burghfield and Mortimer Labour Party,Andrew Crawford Croy,≤100,1
159739783098,Loughborough College,Loughborough College,≤100,1
778324842322384,Greg White for Pickering,Gregory Briam White,≤100,2
475227299635374,Source.Property,Armando  Coletta,≤100,2
178560012325019,George Eustice,Conservative Party,≤100,1
1701801643366314,Westbury & Henleaze Lib Dems,Bristol Liberal Democrats,≤100,1
1204653283029621,Scrap the Welsh Assembly - SWA,Scrap the Welsh Assembly - SWA,≤100,1
102829741166944,Nickie Aiken,Cities of London & Westminster Conservatives,≤100,2
380517065668395,Banbury for Europe,Scientists for EU,≤100,1
225712204244298,Ashley Dalton - working for Rochford & Southend East,The Labour Party,≤100,1
260012884055691,Metropolitan Police Service,Metropolitan Police Service,≤100,1
161475840546978,Young's Pubs & Hotels,These ads ran without a disclaimer,≤100,1
1631875723795674,Hefin David AM,"Hefin David AM, Assembly Member for Caerphilly",≤100,2
195153023994955,Guildford Labour,Guildford Labour Party,≤100,1
1700506176913718,Rachel Maclean for Redditch,Redditch County Conservative Association,≤100,1
485987098172807,Mark Pawsey,Yousef Dahmash,≤100,2
407694176283472,Pat McFadden,Patrick Mcfadden,≤100,4
107334993856,National Theatre Live,These ads ran without a disclaimer,≤100,4
1847912222147101,Diogo Rodrigues,Diogo Jose Nobrega Rodrigues,≤100,5
107573010628454,Workington Constituency Labour Party,Jamie Michael Harrison,≤100,3
1108918655919794,Laura Smith For Crewe and Nantwich,Crewe and Nantwich Labour Party,≤100,1
20550602416,Attila the Stockbroker,John Charles Baine,≤100,3
103852234366555,Wendy Maisey PPC,Warrington Conservatives,≤100,2
1102405259832256,Andrea Bradley 4 Labour,Andrea Ivy Bradley,≤100,4
266616873380292,Norfolk County Council,These ads ran without a disclaimer,≤100,1
1267260966707205,Lee Anderson For Parliament,The Conservative Party,≤100,1
1533230256924257,Etergo,These ads ran without a disclaimer,≤100,2
301790566852530,Councillor Tom Ashton,Thomas Robert Ashton,≤100,1
109759043695899,Cllr Jim Anderson - East Retford West Ward,James Richard Anderson,≤100,1
561859477303898,Northern Ireland Humanists,Northern Ireland Humanists,≤100,1
1580683952054872,Staffs4Europe,Scientists for EU,≤100,1
1266420276809167,Vicky Ford,Vicky Ford MP,≤100,2
206156139508220,TheVeganKind Subscription Boxes,These ads ran without a disclaimer,≤100,13
1877808725875477,Cllr Siobhan Strode - Labour PPC for Torridge & West Devon,James Andrew Craigie,≤100,2
1070221059803533,Lamb2ewe,THOMAS JAMES KITCHEN-DUNN,≤100,1
129472847120252,Poole Audi,Poole Audi,≤100,1
104961044289203,Stephen Petty for Walsall North,Harry Stephen Petty,≤100,3
190548294766882,Jessica Morden Labour Candidate for Newport East,Jessica Morden,≤100,1
843190192698192,Lega nel Mondo UK Eire,Anthony John L Scatena,≤100,3
938126169534790,Johnny For Plymouth,Westminster Digital,≤100,1
189845211183530,Dan Jarvis,Dan Jarvis,≤100,1
101764691216263,UniGreen,UniGreen Products Ltd,≤100,3
114360996629404,Climate Change Bond,Peter Harold Chilton,≤100,2
100476194743039,Infiniteswab,These ads ran without a disclaimer,≤100,5
100462701322259,Cotswold Brexit Party Supporters,Peter Joseph Udale,≤100,2
202480635550,Care,James Humphrey Mildred,≤100,1
172255486183714,James Duddridge,James Duddridge,≤100,2
100631297986518,Erith & Thamesmead Brexit Party,Thomas Edward Bright,≤100,1
1710629735851299,Doncaster Brexit Group,John Michael Andrews,≤100,2
2149042885162152,Vote Penny Grennan,David Craig Atkinson,≤100,1
1497539107159015,Tendring Green party,Christopher John Southall,≤100,4
248250129272720,Young Conservatives Bury,Bury Conservatives,≤100,1
144289436063611,Drax,Christopher Michael Woods,≤100,2
127818594232493,Erith & Thamesmead Conservatives,Philip David Read,≤100,2
676283905861009,Consultants for America's Veterans,These ads ran without a disclaimer,≤100,2
728183737560842,G&J Staffing,James Richard Anderson,≤100,1
84427256753,University of Sussex,These ads ran without a disclaimer,≤100,2
242808252540375,Bridgnorth and Highley Branch Labour Party,Kevin Adams,≤100,1
1059763040824007,Birmingham Ladywood Constituency Liberal Democrats,Ladywood Liberal Democrats,≤100,7
1374510596122727,Erdington News from Robert Alden and Gareth Moore,Erdington Conservative Association,≤100,2
844284949270034,Re-elect Serwotka,Reelect Serwotka,≤100,1
1434006626739679,Totem Store,David Paul Benollol,≤100,2
174227905981175,PositiveLuxury,PositiveLuxury,≤100,2
105405947541090,The Brexit Party Swansea and Gower,The Brexit Party Swansea and Gower,≤100,2
20298641808,Cardiff University Students' Union,Cardiff University Students' Union,≤100,1
105887274193467,North West Durham Green Party Dr. David Sewell,David Rogers Sewell,≤100,2
346208649409385,Chris The Counsellor,These ads ran without a disclaimer,≤100,1
153205088046363,DocHouse,Bertha DocHouse,≤100,2
118873691462974,Tim Farron,Westmorland and Lonsdale Liberal Democrats,≤100,1
6596478613,Mind,These ads ran without a disclaimer,≤100,6
196409337165221,Biomatrix Water,Biomatrix Water Ltd,≤100,1
99413700332,Meningitis Research Foundation,Meningitis Research Foundation,≤100,1
219383758255333,Chris Matheson - Chester,Chester Labour Party,≤100,2
627495881092041,defuseglobal,Philip John Grindell,≤100,5
399509303582784,Jonathan Reynolds,Jonathan Neil Reynolds,≤100,1
1423319577977826,Capital and Class / CSE Midlands,David James Bailey,≤100,2
225712204244298,Ashley Dalton - working for Rochford & Southend East,The Labour Party. Promoted by Ian Gilbert on behalf of Ashley Dalton,≤100,1
323003168115852,Rochester and Strood Labour party,Rochester & Strood Labour Party,≤100,1
111660976845536,Filia Bespoke Jewellery,Tiffany Grace Stephens,≤100,5
519513704828833,Lucy Frazer,Lucy Frazer,≤100,2
2061168587501867,Escape,Grace Bradley,≤100,1
186874346397,Nic Dakin,Nicholas Dakin,≤100,2
1394706174143553,Biju Bubble Tea,These ads ran without a disclaimer,≤100,1
243525208882,Geoffrey Cox,Geoffrey Cox,≤100,3
775818302465865,Anne McLaughlin- SNP candidate for Glasgow North East,Ruairi Kevin Kelly,≤100,1
370513743603197,Illustrated Banter,Kai Benjamin Gadd,≤100,1
2998477143711696,Gareth for Radcliffe West,GARETH EDWARD STAPLES-JONES,≤100,1
285221081974019,Conscious Homes,Conscious Homes,≤100,1
196904287337997,Cllr Andrew McCormick,Andrew David Mccormick,≤100,1
111956985487415,Social Democratic and Labour Party (SDLP),Social Democratic and Labour Party (SDLP),≤100,2
1296806880330856,Bloke Diary,Malcolm William Cox,≤100,1
680608788701284,Isobel Grant,Isobel Grant,≤100,2
206179089486382,Yeovil Liberal Democrats,Nicola Clark,≤100,1
741026925987428,Barrow and Furness Constituency Labour Party,Iain Mooney,≤100,1
435922903852786,Gill Neal,Gillian Neal,≤100,1
631536130313092,Bromley & Chislehurst Liberal Democrats,David James Martin,≤100,1
809679169207854,Neil O'Brien,NEIL JOHN O'BRIEN,≤100,1
705519689885418,Anne Clarke for Barnet and Camden,Rachel Megan Barker,≤100,1
1668585280042759,Burgess Hill Liberal Democrats,Burgess Hill Liberal Democrats,≤100,1
1010876502400974,Chris Grayling,Epsom and Ewell Conservatives,≤100,1
262125774120331,Tristan Gray,Tristan Gray,≤100,5
118407532893577,Gavin Scott Lib Dem Candidate for the Vale of Clwyd,Gavin Christopher Scott,≤100,1
102134364518797,Red Raptor Tees,Thomas Quayle,≤100,4
165438620174173,New Forest West Labour Party,The Labour Party,≤100,1
675011372583795,Richard Dickson LibDem for Kenilworth & Southam,KandSLibDems,≤100,2
171538599528966,Crowdfunder,Crowdfunder,≤100,2
1674328899493656,Orpington Liberal Democrats,Orpington Liberal Democrats,≤100,1
102935964471780,The Soapbox,Fraser Miller Kelly,≤100,1
329262860438866,Bridget Phillipson,Bridget Phillipson,≤100,2
117661796309061,West Lothian Liberal Democrats,West Lothian Liberal Democrats,≤100,3
501513956858331,Historicalmaterialism.org,These ads ran without a disclaimer,≤100,1
107485499287,Reprieve,These ads ran without a disclaimer,≤100,9
628661890480876,H&H Self Drive Van Hire,Justin James Clarke,≤100,1
1635814073379513,Cllr Stewart Mackay Addlestone North,Stewart Mark Mackay,≤100,2
447645358992435,Little Earth Baby Ltd,These ads ran without a disclaimer,≤100,1
186832651677066,Gareth Derrick - Labour Parliamentary Candidate for South East Cornwall,Gareth Gwyn J Derrick,≤100,1
155050791334658,Christine Jardine,"M. Gray on behalf of Christine Jardine (Liberal Democrat) all at 4 Clifton terrace, Edinburgh, EH12 5DR",≤100,1
341598855881352,Green Liverpool,David William Morgan,≤100,2
1059763040824007,Birmingham Ladywood Constituency Liberal Democrats,Richard William Maxwell,≤100,1
711227022228907,Mark Jenkinson,Mark Ian Jenkinson,≤100,1
539604579514789,City of Durham and Easington Conservatives,Richard Marshall Alexander Lawrie,≤100,1
595745544258133,Puddleduck Nursery,Ian Glyn Morgan,≤100,1
291787160876802,Create Gift Love,Create Gift Love,≤100,9
377018569540516,Tango Turtle - Caribbean inspired restaurant,Md Mynul Hasan Nadim,≤100,3
171326032914383,Rebecca Pow,JONATHAN FRASER-HOWELLS,≤100,1
992952320734045,Craig Whittaker,Independent Parliamentary Standards Authority,≤100,1
105201730895814,Castle Point Liberal Democrats,Dean John Anthony Murphy,≤100,2
308844286423747,Yeovil Charity Ball,Miss Lucy Jane Jones,≤100,1
271017523056784,Chris Heaton-Harris,MR CHRISTOPHER HEATON-HARRIS,≤100,1
732713603447479,John Erskine for the Highlands and Islands,John Robert Erskine,≤100,3
371989752387,Transport & Environment,These ads ran without a disclaimer,≤100,2
970389806329898,Griffiths Security Ltd,These ads ran without a disclaimer,≤100,1
811271489259569,TC Giveaways,James Antonio Thorne,≤100,1
37684209618,Rushanara Ali,Rushanara Ali,≤100,1
348317322023581,South Gloucestershire Green Party,Matthew David Pash,≤100,2
1671602512856120,John Finucane Sinn Féin,John Finucane Sinn Féin,≤100,4
104038711037047,Phil Flowers Somerton Town Council,Philip Steven Flowers,≤100,2
604343479649878,Barwell - Bosworth Conservatives,Russell Bryn Roberts,≤100,1
425492444942149,Cradley Voting Bloc,Kevin Powis,≤100,3
667909793390787,Cllr Karen Lucioni,Karen Theresa Lucioni,≤100,2
510928369043924,Richard Graham,Richard Graham,≤100,1
905142386227194,Totnes Conservatives,Jamesandrew Heaven,≤100,2
34533701462,Grant Sharkey,Grant Edward Sharkey,≤100,1
490344074369935,The Common Weal - a vision for a better Scotland,Tiffany Margaret Kane,≤100,2
689974648047487,Wudwurk,Wudwurk,≤100,22
108337590526147,GOOXM,These ads ran without a disclaimer,≤100,1
603620649779505,Warrington Conservatives,Warrington Conservatives,≤100,2
1068379353174209,Bosworth Conservatives,Russell Bryn Roberts,≤100,1
733426460382084,Ben Everitt,Benjamin William Everitt,≤100,1
100854403381908,Pay Justice,These ads ran without a disclaimer,≤100,1
130571443639314,"Cllr Rachel Eden, Labour and Coop candidate for Reading West",Rachel Claire Eden,≤100,4
348903995142018,Therese Coffey,Therese Anne Coffey,≤100,1
232614013754086,Gloucester Liberal Democrats,Gloucester Liberal Democrats,≤100,1
1656102467953317,C&A Foundation,These ads ran without a disclaimer,≤100,1
273762566417823,Re-elect Martin Whitfield,Scottish Labour Party,≤100,1
1368853556569282,Labour Torridge & West Devon,James Andrew Craigie,≤100,1
285300222162620,"Podemos, con Pablo Iglesias, desde el Reino Unido.",Edgar Andrademartinez,≤100,1
1967201580196451,JoyceOnstad Libdems,Joyce Wangui Onstad,≤100,1
109582223777219,South Staffordshire Liberal Democrats,David Thomas Taylor,≤100,2
116509125035939,Christian Aid Ireland,These ads ran without a disclaimer,≤100,1
105725430776853,Hull & East Yorkshire for Europe,Patrick Eugene M Maguire,≤100,1
419785895493966,Glasgow South West SNP,Adrian Marshall Doherty,≤100,1
100941761274590,Haseeb Ur-Rehman Renew MP Candidate. Hackney North & Stoke Newington.,Haseeb Ur Rehpian,≤100,1
101357994594308,Paul Robertson SNP,Ricky David J Taylor,≤100,2
309963296566708,Extinction Rebellion Worcester,Benjamin John Russell,≤100,2
588983894810505,Alternate Escapes,Alternate Escapes,≤100,1
117452375490037,TwittElection,David Mark Cross,≤100,1
301519230216791,Daniel Norton for North East Bedfordshire,Daniel Norton,≤100,4
952484564834843,East Lothian Liberal Democrats,Stuart  Smith,≤100,1
1076803419028875,Ban Driven Grouse Shooting,These ads ran without a disclaimer,≤100,1
420198401916241,BrexitGloucestershire,Brexit Gloucestershire,≤100,1
160552517316592,Islam21c,Islam21c,≤100,3
475793402492671,William Wragg,William Wragg,≤100,1
265480670536763,Elmet and Rothwell Liberal Democrats,David Kenneth Hopps,≤100,2
632723050574026,Games Without Frontiers,These ads ran without a disclaimer,≤100,1
1716558425313999,SolidariTee National,These ads ran without a disclaimer,≤100,1
112697840089629,Matt Belsom,Matthew John Belsom,≤100,1
110786230353184,Northampton for a People's Vote,Richard James Cleaver,≤100,1
2298710050381742,Cowfoo,Matthew Paul Cooke,≤100,1
233604987579073,dinerbuyer.com,Anthony Peter Parkins,≤100,1
479880169227964,Sem for North East 2020,Semakaleng Mokgadi Moema,≤100,1
1055340414493730,Chris Rigby - Green Party,"Bournemouth, Christchurch & Poole Green Party",≤100,3
483269525132529,Ian Austin,Ian Austin Independent MP,≤100,1
100964111331676,Ruth Edwards For Rushcliffe,Rushcliffe Conservatives,≤100,1
1074779765872633,Mazur Accounting Solution,These ads ran without a disclaimer,≤100,1
219716098205318,The Red Lion Stodmarsh,These ads ran without a disclaimer,≤100,1
101731961250233,Sashi Mylvaganam - Lib Dems Basingstoke Parliamentary Candidate,Sasitharan Mylvaganam,≤100,4
101626401225287,Brexit Voting Analysis,David Th Mas Hatch,≤100,1
150463512345684,Infinity Bracelets of London,Jay Andrew Blades,≤100,1
1622890857969683,Congleton Constituency Liberal Democrats,Congleton Constituency Liberal Democrats,≤100,2
113007740131298,ECOtastical,These ads ran without a disclaimer,≤100,1
152393064942305,Luke Pollard,Alexandra Marcella Beverley,≤100,2
140461946130272,Councillor Peter Chegwyn,Peter John Chegwyn,≤100,1
1270895159656358,Alison Bennett Lib Dem,Arundel & South Downs Liberal Democrats,≤100,3
390865304608077,SHIP,Joel Nicholas Rawlings,≤100,1
787923564645498,SaveEasy Credit Union,SaveEasy Credit Union,≤100,1
450985572135619,Twisted Roots,Callum John Edney,≤100,1
200420132452,"Butterfly Brides,Poundbury, Dorchester",Brenda Lawson,≤100,1
276345762482213,Democracy Movement,Democracy Movement,≤100,1
101548661292463,Robert Jones for North Shropshire,Robert John Jones,≤100,2
111895182230456,Andrew Griffiths,Andrew James Griffiths,≤100,1
1171328569595648,Councillor Michael Payne,Michael Richard Payne,≤100,1
241115099707902,Ian Liddell-Grainger,JONATHAN FRASER-HOWELLS,≤100,1
299252797425286,Cllr Eóin Tennyson,Mr Eoin Ciaran Tennyson,≤100,2
1295561667226864,Laura Coyle,Pieter Paul Barker,≤100,2
153553498015935,Lilian Greenwood,Lilian Greenwood MP,≤100,2
634428837009923,Robert4EastLothian,Stuart  Smith,≤100,1
959506547425286,SDLP Upper Bann,Mr Ciaran Martin Toman,≤100,1
1695184527446356,My Penistone,Kevin Bennett,≤100,1
2044685182491934,Function Junction,Danielle Ann Stevenson,≤100,2
1757577521048684,The Brexit Party Burton & Uttoxeter Supporters,Dale Raymnd Gran Prime,≤100,1
293904160949357,My Liberal Macclesfield,Macclesfield Liberal Democrats,≤100,1
273759226609442,Alpha 2 Zeta,Mark Robert Nicholson,≤100,1
521100168443010,North Norfolk Conservatives,"Rhodri Oliver, on behalf of Duncan Baker and North Norfolk Conservative Association",≤100,1
457410664382826,Warwick and Leamington Labour Party,Warwick and Leamington Labour Party,≤100,2
557850497621367,Oxford Finance Society - OFS,These ads ran without a disclaimer,≤100,1
394107801324919,Code Bless,Jovann Amell Romao,≤100,7
105414346223667,The Scottish Parliament,The Scottish Parliament,≤100,1
2130222607070543,The Hypno Author,These ads ran without a disclaimer,≤100,1
108108687304896,Clab Lux,These ads ran without a disclaimer,≤100,1
215662339171618,Winstanley Labour Party,Paul Terence Kenny,≤100,1
1007062776128473,John Kent for Thurrock,The Labour Party,≤100,2
1975971969086312,Yes Linton news and events,Dr Laura Margaret L Robertson,≤100,1
195446470516434,St Helens Green Party,Thomas Daniel Armstrong,≤100,2
2557095181182468,EUnity Lewes,MS JANET HARDY-GOULD,≤100,1
110302773707610,Rob Roberts Delyn,Robert Joseph Roberts,≤100,1
658741670946819,Thrivve,These ads ran without a disclaimer,≤100,1
388684145048338,Allure Fashion & Boudoir Photography,Matthew Robert Curtis,≤100,1
211614899544570,Long Live The Local,These ads ran without a disclaimer,≤100,1
290858264623629,Maria Carroll  Llafur Cymru Candidate,Pies Mar A Ros Carroll,≤100,1
677289039041982,Humanity,Robin Dreamweaver Greenwood,≤100,1
1026756537459603,South Dorset Liberal Democrats,Clfford Frank V Sutton,≤100,1
309859477095,Citizens UK,Citizens UK,≤100,1
524926377534243,Shabang,These ads ran without a disclaimer,≤100,2
1483124131956438,Jazzercise Exeter Fitness Studio,These ads ran without a disclaimer,≤100,2
217520321611199,Truro and Falmouth Liberal Democrats,Rodney Terence Pascoe,≤100,1
1603405966441661,Plastic Free,These ads ran without a disclaimer,≤100,1
572789012920068,Liberal Democrats of Ashford Kent,James Angus Galloway,≤100,1
106018384079729,Aaron Hudson,Aaron Dean Hudson,≤100,1
243202029146770,Basingstoke Labour Party,Basingstoke Labour Party,≤100,1
101200904673202,Luxury life,These ads ran without a disclaimer,≤100,1
652471148268255,politicaladvertising.co.uk,Benedict Michael Pringle,≤100,2
354631794641366,Cllr Phil North,Philip James North,≤100,1
1355268827933414,Superklick.com,N Hirani,≤100,1
503787666674838,Jackie Schneider for Wimbledon,The Labour Party,≤100,2
110752027013148,Cllr Paul Hartshorn,Paul Michael Hartshorn,≤100,1
293677741151422,Mitcham & Morden Tories,Mitcham and Morden Conservatives,≤100,1
419794381380683,Savory Institute,Savory Institute,≤100,10
108344403887012,Sharron Sumner,Daniel Michael Falchikov,≤100,1
463210064510668,Groundtruth.global,These ads ran without a disclaimer,≤100,3
2456241601061758,Oxford LGBT+ Labour Forum,Arjunsingh Manojsingh Bais,≤100,1
107842077811,SportingLife,These ads ran without a disclaimer,≤100,1
829702560424583,Totnes Town Council,These ads ran without a disclaimer,≤100,1
2186574874954002,Shaun Garrett,Shaun Francis Garrett,≤100,1
741930589350219,Especial Effects co,Philip Richard Anderson,≤100,1
112267770129479,Martin Walker For Stockton North MP,Martin Andrew Walker,≤100,1
1036812203373721,Vegan Unity Day,David James W Huntley,≤100,1
386427418234901,Louise Haigh,Louise Haigh MP,≤100,3
439642839424104,The Joseph Rowntree Theatre,Daniel Mark Shrimpton,≤100,1
408557359740131,The Levant News English,The Levant News,≤100,3
290554558326110,Planet Ninjas,Rohan Samuel Karat,≤100,2
253410848522865,Fran Boait for Gloucester,The Labour Party,≤100,2
438747812964454,Sussex Student Action for Refugees,These ads ran without a disclaimer,≤100,1
81718727445,AGR Chauffeurs,Geoffrey Edward Creak,≤100,2
333875057028082,Alex Norris for Nottingham North,Alex Norris MP,≤100,1
104085520971571,Debbie Soloman - PPC Bassetlaw,Deborah Rosanna Soloman,≤100,1
411831742733905,Oliver Y,These ads ran without a disclaimer,≤100,2
183155075053561,The Sticker Factory UK,The Sticker Factory UK,≤100,1
167760593390588,The Invicta Hotel,These ads ran without a disclaimer,≤100,1
190326847689465,Christians on the Left,Christians on the Left,≤100,1
100205398044491,Coleraine Sinn Féin,SORCHA HANORA FLEMING-ARCHIB,≤100,1
155137017871640,"Jack Dromey, Labour Candidate for Erdington",Jack Dromey,≤100,1
101357994594308,Paul Robertson SNP,Paul Crombie Robertson,≤100,1
111981590179497,The Brexit Party Charnwood,Mrs Sadhana Stokes,≤100,1
555703358118071,Glasgow University Solidarity Collective,Ellinore Ingrid Sofia Folkesson,≤100,1
119433121976788,Ryan Bate,Warrington Liberal Democrats,≤100,7
112999266786883,Gary Robinson for Lerwick South,Gary Robinson,≤100,1
467751363237379,Kinderkey Healthcare Ltd,Justin James Clarke,≤100,2
1893890664167160,Rudi Darlington Photography,These ads ran without a disclaimer,≤100,1
556389197810785,Maria Caulfield,Maria Cotte Caulfield,≤100,2
113393625358878,Liberal International,Liberal International,≤100,2
662595587182278,Angus SNP,Dexter  Turriff Davies,≤100,1
116516659722655,Choc Til You Drop,These ads ran without a disclaimer,≤100,1
147410745953130,"John Edwards, Liberal Democrat in Tarvin & Kelsall",John Edwards and Ted Lush,≤100,1
108993680496690,BaBy Zone UK,Krzysztof Pawel Dobrzynski,≤100,1
801894609939371,Gree UK,Justin James Clarke,≤100,1
116974846355871,Alex Lee for Winklebury & Manydown,Alexander James Lee,≤100,1
106653924063055,Leave or Remain,Christopher Michael Jackson,≤100,2
2152435904850190,Clare Pavitt Labour Candidate for the Kettering Constituency,Clare Patricia M Pavitt,≤100,1
394739821172559,Weetslade Focus Team,Daniel John Elsom,≤100,3
195645871059826,Universal Credit Sufferer - Black Isle Journalism,Universal Credit Sufferer - Black Isle Journalism,≤100,1
110592016996781,Your Guy for High Peak,High Peak Liberal Democrats,≤100,1
452217182218333,Katie Connor,Katie Ann Connor,≤100,5
596461787127777,Peter Szabo,These ads ran without a disclaimer,≤100,2
112286960180239,Bambika,These ads ran without a disclaimer,≤100,1
1050655458352266,Dialogue of Civilizations Research Institute,These ads ran without a disclaimer,≤100,1
919232861444360,European Youth Event,These ads ran without a disclaimer,≤100,1
348317322023581,South Gloucestershire Green Party,Daniel James Johnston,≤100,1
1961722030715955,Hannah O'Neill,MK Labour Party,≤100,1
1433336206973284,UK in a Changing Europe,PROF ANAND . MENON,≤100,1
1442160519144559,Irene Sofia Esser,These ads ran without a disclaimer,≤100,1
162424471000792,Cllr Nitesh Hirani - Kenton East - Conservatives,Nitesh Vishram Hirani,≤100,1
307188559330028,Cold Dead Hands,Cold Dead hands of America,≤100,1
322027274618141,Padiham Community Action,David John Edmondson,≤100,3
105565780861003,Easy Scanner,Anisoara Iatan,≤100,1
1393645650681487,Think-Film Impact Production,Rafael Joseph Cortes,≤100,1
134470653236574,Edinburgh Green Party,Gavin Nelson Corbett,≤100,1
391964664944464,North Heywood Labour,Ana Kozomara,≤100,1
1093221017547229,Otolith,These ads ran without a disclaimer,≤100,1
111953162170257,Burton and Uttoxeter (East Staffordshire) Liberal Democrats,Hugh Gavin Warner,≤100,1
131712588824,Tony Blair Institute for Global Change,Tony Blair Institute for Global Change,≤100,1
576586599051903,Redrok UK,These ads ran without a disclaimer,≤100,1
293864561226540,Paul Bristow,Paul Bristow,≤100,1
1436656116642646,Threadheads,These ads ran without a disclaimer,≤100,3
27139120832,Advancing Native Missions,Advancing Native Missions,≤100,1
386427418234901,Louise Haigh,Louise Haigh,≤100,3
326355221679,Cambridge Centre for Applied Research in Human Trafficking,These ads ran without a disclaimer,≤100,1
23224872234,The Blue Guerilla,TheBlueGuerilla,≤100,3
227725313985797,Midlothian Conservatives,Jonathan Alok Deb,≤100,1
1713052128936874,Driveline GB Ltd,These ads ran without a disclaimer,≤100,1
991011937617366,"Willie Rennie, MSP for North East Fife",William Cowan Rennie,≤100,1
131363313573224,NET Cancer Day,These ads ran without a disclaimer,≤100,1
173149059405085,Derby Hotels Collection,These ads ran without a disclaimer,≤100,2
308844286423747,Yeovil Charity Ball,These ads ran without a disclaimer,≤100,1
515017818555822,Cllr Leigh Redman,Leigh Paul Redman,≤100,1
111962183522015,Smart Sweet Homes,These ads ran without a disclaimer,≤100,6
179100528779193,Silentnight,These ads ran without a disclaimer,≤100,1
691597041284995,Yes2Planet,Martin  Warner,≤100,1
113634282150318,Hillingdon Conservatives,Hillingdon Conservatives,≤100,1
115409526559797,greeklishfoodie,These ads ran without a disclaimer,≤100,1
337787617072748,NOICE,These ads ran without a disclaimer,≤100,1
1646734082210872,Selby Town FC,Selby Town FC,≤100,1
2275997292664042,Brighton Queens Park Labour,Michael James Duncan,≤100,1
807799369244851,Matt Rodda,Carl Doran on behalf of Matt Rodda,≤100,2
1617152471878392,Anglican Mainstream,These ads ran without a disclaimer,≤100,1
112923336722024,Kevin Walsh for Bolton South East,Kevin John Walsh,≤100,1
285148782118363,KPG Recruitment,These ads ran without a disclaimer,≤100,1
776222955873798,East Herts for Europe,Michael John Galsworthy,≤100,1
102734363097680,Group B Strep Support (GBSS),Group B Strep Support (GBSS),≤100,1
303821710294530,WPIC Marketing + Technologies,These ads ran without a disclaimer,≤100,1
91511203627,Feenixpawl,These ads ran without a disclaimer,≤100,1
106602387389830,Malcolm McLeod - Brexit Party Rochester and Strood,Mr Malcolm Colin Mcleod,≤100,1
201719426624593,Park Training Initiative   ( PTI ),These ads ran without a disclaimer,≤100,2
261183627688236,Cllr Thomas Janke - Lib Dem Parliamentary Candidate - The Wrekin,Thomas Lucian Baden Janke,≤100,1
1821913851194325,William Reid Watches,WILLIAM PETER MCDONALD •,≤100,1
343749509070695,Cadogan Tate,These ads ran without a disclaimer,≤100,1
1202644299745559,It is my choice,These ads ran without a disclaimer,≤100,3
102721914441995,Extinction Rebellion Wellingborough,These ads ran without a disclaimer,≤100,1
115363553168328,Officialsudhirsharma,These ads ran without a disclaimer,≤100,1
173087829397613,Green Lane Masjid,Green Lane Masjid,≤100,1
106293660817609,FckBoris North Kensington,These ads ran without a disclaimer,≤100,1
762801087102682,Flamingos' Life,These ads ran without a disclaimer,≤100,13
104267331023591,Greenr Goods,These ads ran without a disclaimer,≤100,1
679047485439321,Paceweb UK,Darrell Leighton Carey,≤100,1
114810173249796,Zero Planet Waste,These ads ran without a disclaimer,≤100,1
567608949930201,Vikki Slade 4 Mid Dorset & North Poole,Mid Dorset & North Poole Liberal Democrats,≤100,1
144709575593854,EESC - European Economic and Social Committee,EESC - European Economic and Social Committee,≤100,1
1711950229044932,Investment Superstore,These ads ran without a disclaimer,≤100,1
683802375393808,SAHP,These ads ran without a disclaimer,≤100,1
190809698073714,Collective Voice,These ads ran without a disclaimer,≤100,1
788605974864625,Jill Reilly for Edinburgh East,Jill Mary Reilly,≤100,1
220886868110099,The Bristol Cable,These ads ran without a disclaimer,≤100,1
183951592237917,North East Somerset Constituency Labour Party,Richard James Stelling,≤100,1
100984021363889,Mindroute,These ads ran without a disclaimer,≤100,1
501839263213943,Leeds North-West Labour,Niky William Rutherford,≤100,1
1159565407414586,Best Crowdfunding Videos,These ads ran without a disclaimer,≤100,1﻿
278077908880081,Moores Estate Agents,These ads ran without a disclaimer,≤100,1
299072343565477,South East Cambridgeshire Labour,Gareth Mark Wright,≤100,2
1522389011145703,Alton Liberal Democrats,Stephen Donald Hunt,≤100,2
2284664498462876,Matter,These ads ran without a disclaimer,≤100,1
580044992039479,TSCHNIK,These ads ran without a disclaimer,≤100,1
112979333433706,DIDOR,These ads ran without a disclaimer,≤100,1
1428389980798063,Londoni Könyvcentrum,These ads ran without a disclaimer,≤100,2
324557985115704,Buckshaw & Whittle,Adrian Riggott,≤100,1
105349067539337,Andrew Kerry-Bedell,These ads ran without a disclaimer,≤100,1
530318017490855,L&B Travellers,These ads ran without a disclaimer,≤100,1
100572744737972,"Suma Qamaña, Bolivianos en el Reino Unido apoyando el Proceso de Cambio",These ads ran without a disclaimer,≤100,1
504880190000384,Vegan Outfitters,These ads ran without a disclaimer,≤100,2
419370295131790,Selim Pacolli,These ads ran without a disclaimer,≤100,1
2051952048363809,East Grinstead Lib Dems,Mid Sussex Liberal Democrats,≤100,1
1669766426631217,Sy24,These ads ran without a disclaimer,≤100,1
145266863296,Blake,These ads ran without a disclaimer,≤100,1
469690717168051,Hertsmere Liberal Democrats,Hertsmere Liberal Democrats,≤100,1
203858973565193,Discovery Around You,These ads ran without a disclaimer,≤100,1
174730252601013,Robert Halfon,Simon Carter,≤100,2
1075362355838569,Dagiga Inc.,These ads ran without a disclaimer,≤100,1
149870175624457,Councillor Andrea Johnson: Conservative Cllr Compton Ward,Andrea Irene Johnson,≤100,1
1499781000288745,bloc,These ads ran without a disclaimer,≤100,1
458657697866953,Stalybridge and Hyde Conservatives,These ads ran without a disclaimer,≤100,2
242351902481164,The Radical Tea Towel Company,These ads ran without a disclaimer,≤100,1
1837111936610064,Chris Ostrowski,Watford Labour Party,≤100,1
1844020762330024,Tóme Anoshá,These ads ran without a disclaimer,≤100,1
750354738450034,"Stop The ""Aviva"" Incinerator, Barry - DIAG",These ads ran without a disclaimer,≤100,1
690486601104684,Liu Ruowang,These ads ran without a disclaimer,≤100,2
426629784733044,Felicity Owen Labour PPC for St Austell and Newquay,Graham Eric Walker,≤100,1
1054625784661111,Women in Food and Agriculture,These ads ran without a disclaimer,≤100,1
1344753008968781,Birds Aren't Real,These ads ran without a disclaimer,≤100,2
2277361705813017,Jessie for Tees Valley Mayor,Jessie Joe Jacobs,≤100,1
479405759534292,Sheffield stands with Hong Kong,These ads ran without a disclaimer,≤100,1
290798800937495,Kelvin Obareti,Kelvin  Ayokunmi Obareti,≤100,1
231234246939307,Westminster North Conservatives,Westminster North Conservatives,≤100,2
104920337538156,JL Honest Products,These ads ran without a disclaimer,≤100,2
595264663963696,Climate Genocide Act Now,These ads ran without a disclaimer,≤100,1
767952000001198,Синхронизация,These ads ran without a disclaimer,≤100,5
104693800977890,Josh Mackenzie for Halifax President,Joshua Zeke B Mackenzie,≤100,1
2251400988214226,Labour4Burntwood,Darren Michael O Ennis,≤100,1
151299025822248,Rotherham Conservatives,Rotherham and District Conservative Federation,≤100,1
1597899357110161,PresidentWorld,These ads ran without a disclaimer,≤100,2
111003510337626,Jyoti Dialani - Renew Parliamentary Candidate for Bromley & Chislehurst,These ads ran without a disclaimer,≤100,1
10974002364,Mental Floss,These ads ran without a disclaimer,≤100,1
342398056096961,Bind Media,These ads ran without a disclaimer,≤100,1
239014826235860,Murgon Music Muster,These ads ran without a disclaimer,≤100,2
261781126547,ZwrotPodatkow.pl,These ads ran without a disclaimer,≤100,1
106677467385112,Coilla Drake 4 Orkney and Shetland,Coilla Anne Drake,≤100,1
349682861868419,CanO Water,These ads ran without a disclaimer,≤100,6
481028382380661,Ali Milani for Uxbridge & South Ruislip,The Labour Party,≤100,1
375661669633303,TRATON GROUP,These ads ran without a disclaimer,≤100,1
2112665965417019,Active For Plymouth,Jason Wlliam Shopland,≤100,1
1044298658931232,Dog Walking Caerdydd,These ads ran without a disclaimer,≤100,1
716858995053501,Digital ID,These ads ran without a disclaimer,≤100,1
114453686647866,Guildford Saves on Solar,These ads ran without a disclaimer,≤100,1
2638983929506493,Linlithgow and East Falkirk VAPP,Mark Andrew Tunnicliff,≤100,1
108070030585717,EcoLid,These ads ran without a disclaimer,≤100,2
571275800053467,Lebanese in Lancashire UK,These ads ran without a disclaimer,≤100,1
827402857468898,Himalaya,These ads ran without a disclaimer,≤100,1
968774436534491,CD Duplication Ireland,These ads ran without a disclaimer,≤100,2
346356044183,Henry Raby's Punk Poetry,Henry Stephen Raby,≤100,1
113700853366061,Blue Alien,These ads ran without a disclaimer,≤100,1
109601370384537,Louise Potter - Lib Dem Prospective Parliamentary Candidate for Horsham,Louise Potter,≤100,1
1313324632136813,Red Revolution Media,These ads ran without a disclaimer,≤100,1
1532879663646865,Thailand Elephants,These ads ran without a disclaimer,≤100,1
349182628607366,Dover District Council,These ads ran without a disclaimer,≤100,1
107696373935992,Prince Hamdan sheikh fazza,These ads ran without a disclaimer,≤100,1
161916260510295,Òmnium Cultural,These ads ran without a disclaimer,≤100,3
572453846222476,EauVation UK,These ads ran without a disclaimer,≤100,1
